date,BCTI,BDTI,BLPG,BDI,FBX,capesize_index,source_sender
2023-02-27,,,,,,5815,Chris.Palun
2023-03-06,,,,,,11026,Chris.Palun
2023-03-07,,,,,,12201,Chris.Palun
2023-03-08,,,,,,12851,Chris.Palun
2023-03-16,,,,,,16387,Chris.Palun
2023-03-17,,,,,,15867,Chris.Palun
2023-03-21,,,,,,15601,Chris.Palun
2023-03-22,,,,,,14528,Chris.Palun
2023-04-11,,,,,,15849,Chris.Palun
2023-04-14,,,,,,15344,Chris.Palun
2023-05-15,,,,,,19777,Chris.Palun
2023-05-16,,,,,,19033,Chris.Palun
2023-05-25,,,,,,14577,Chris.Palun
2023-06-02,,,,,,9254,Chris.Palun
2023-06-05,,,,,,9766,Chris.Palun
2023-06-08,,,,,,12112,Chris.Palun
2023-06-09,,,,,,12560,Chris.Palun
2023-06-12,,,,,,12702,Chris.Palun
2023-06-15,584,1148,9257,,1328,,Chris.Palun
2023-06-20,,,,,,12769,Chris.Palun
2023-06-22,,,,,,16514,Chris.Palun
2023-06-29,,,,,,14589,Chris.Palun
2023-07-20,602,947,10298,,1317,,Chris.Palun
2023-07-21,610,940,10308,,1317,,Chris.Palun
2023-07-24,626,929,10144,,1334,,Chris.Palun
2023-07-25,633,910,10036,,1333,,Chris.Palun
2023-07-26,655,899,9918,,1320,,Chris.Palun
2023-07-27,671,881,9748,,1315,,Chris.Palun
2023-07-28,697,873,9686,,1314,,Chris.Palun
2023-07-31,704,851,9587,,1314,,Chris.Palun
2023-08-01,713,840,9501,,1470,,Chris.Palun
2023-08-02,720,821,9453,,1460,,Chris.Palun
2023-08-03,716,810,9530,,1480,,Chris.Palun
2023-08-04,706,800,9441,,1485,,Chris.Palun
2023-08-07,689,798,9431,,1540,,Chris.Palun
2023-08-08,686,800,9419,,1539,,Chris.Palun
2023-08-09,685,799,946,,1544,,Chris.Palun
2023-08-10,679,799,9250,,1531,13883,Chris.Palun
2023-08-11,670,802,9231,,1512,,Chris.Palun
2023-08-14,670,801,9208,,1528,,Chris.Palun
2023-08-15,694,798,9251,,1461,,Chris.Palun
2023-08-16,713,806,9352,,1465,,Chris.Palun
2023-08-17,750,809,9377,,1527,,Chris.Palun
2023-08-18,772,803,9384,,1522,,Chris.Palun
2023-08-21,779,802,9315,,1535,,Chris.Palun
2023-08-22,790,804,9268,,1530,,Chris.Palun
2023-08-23,794,802,9276,,1523,,Chris.Palun
2023-08-24,801,797,9364,,1524,,Chris.Palun
2023-08-25,807,793,9427,,1537,,Chris.Palun
2023-08-29,843,776,9665,,1516,,Chris.Palun
2023-08-30,848,764,9874,,1541,,Chris.Palun
2023-08-31,847,752,10836,,1538,,Chris.Palun
2023-09-01,837,740,11488,,1525,,Chris.Palun
2023-09-04,803,732,12234,,1480,,Chris.Palun
2023-09-05,783,728,12444,,1455,8266,Chris.Palun
2023-09-06,758,725,13315,,1456,8573,Chris.Palun
2023-09-07,760,715,13523,,1456,9863,Chris.Palun
2023-09-08,764,713,13705,,1428,10693,Chris.Palun
2023-09-11,763,714,13910,,1410,10982,Chris.Palun
2023-09-12,788,716,14063,,1411,11027,Chris.Palun
2023-09-13,805,722,14116,,1396,11743,Chris.Palun
2023-09-14,852,733,14121,,1399,12537,Chris.Palun
2023-09-15,849,740,14059,,1332,13284,Chris.Palun
2023-09-18,849,742,14177,,1269,14503,Chris.Palun
2023-09-19,847,749,14402,,1242,16103,Chris.Palun
2023-09-20,857,768,15245,,1239,17145,Chris.Palun
2023-09-21,869,776,16427,,1256,16646,Chris.Palun
2023-09-22,868,790,16590,,1249,17274,Chris.Palun
2023-09-25,859,799,16983,,1171,17810,Chris.Palun
2023-09-26,834,810,16660,,1179,19855,Chris.Palun
2023-09-27,,,,,,21364,Chris.Palun
2023-09-28,812,821,15021,,1183,20675,Chris.Palun
2023-09-29,813,827,14659,,1172,20520,Chris.Palun
2023-10-02,811,839,12703,,1097,21645,Chris.Palun
2023-10-03,808,842,11323,,1094,22996,Chris.Palun
2023-10-04,796,846,11286,,1091,23226,Chris.Palun
2023-10-05,775,854,12063,,1086,24727,Chris.Palun
2023-10-06,750,871,12920,,1076,27445,Chris.Palun
2023-10-09,735,881,13495,,1077,28901,Chris.Palun
2023-10-10,737,911,13440,,1076,28373,Chris.Palun
2023-10-11,832,955,13199,,1076,27402,Chris.Palun
2023-10-12,803,1054,12345,,1070,27185,Chris.Palun
2023-10-13,748,1149,11869,,1068,,Chris.Palun
2023-10-16,748,1221,11377,,1047,28348,Chris.Palun
2023-10-17,755,1244,9512,,1018,30348,Chris.Palun
2023-10-18,756,1272,9652,,1037,31089,Chris.Palun
2023-10-19,763,1274,10444,,1040,30130,Chris.Palun
2023-10-20,774,1286,10519,,1098,29493,Chris.Palun
2023-10-23,779,1316,10516,,1085,28805,Chris.Palun
2023-10-24,786,1331,11015,,1092,27169,Chris.Palun
2023-10-25,789,1348,11609,,1102,24386,Chris.Palun
2023-10-26,794,1372,12080,,1101,20446,Chris.Palun
2023-10-27,801,1414,12226,,1095,18461,Chris.Palun
2023-10-30,793,1453,12328,,1104,17344,Chris.Palun
2023-10-31,780,1483,12551,,1106,16750,Chris.Palun
2023-11-01,779,1487,13812,,1206,15751,Chris.Palun
2023-11-02,768,1462,14178,,1206,15613,Chris.Palun
2023-11-03,781,1465,14492,,1213,17690,Chris.Palun
2023-11-06,782,1447,14566,,1217,19234,Chris.Palun
2023-11-07,799,1433,14641,,1217,20126,Chris.Palun
2023-11-08,801,1424,14702,,1217,19222,Chris.Palun
2023-11-09,798,1404,14759,,1214,20618,Chris.Palun
2023-11-10,786,1392,14768,,1222,21743,Chris.Palun
2023-11-13,785,1373,14766,,1216,,Chris.Palun
2023-11-14,812,1345,14649,,1196,21334,Chris.Palun
2023-11-15,808,1337,14699,,1132,21350,Chris.Palun
2023-11-16,806,1336,15049,,1123,22096,Chris.Palun
2023-11-17,826,1317,15161,,1120,22913,Chris.Palun
2023-11-20,862,1310,15095,,1150,22447,Chris.Palun
2023-11-21,865,1263,14930,,1158,21450,Chris.Palun
2023-11-22,856,1240,14914,,1157,20029,Chris.Palun
2023-11-23,845,1233,14995,,1160,22216,Chris.Palun
2023-11-24,829,1233,15024,,1154,,Chris.Palun
2023-11-27,822,1222,14966,,1163,31671,Chris.Palun
2023-11-28,831,1207,14688,,,34656,Chris.Palun
2023-11-29,838,1192,14321,,1152,41796,Chris.Palun
2023-11-30,834,1184,14080,,1174,46681,Chris.Palun
2023-12-01,833,1172,13930,,1249,51727,Chris.Palun
2023-12-04,830,1171,13604,,1262,54584,Chris.Palun
2023-12-05,843,1173,13387,,1269,49310,Chris.Palun
2023-12-06,852,1167,12714,,1276,42800,Chris.Palun
2023-12-07,856,1145,11984,,1272,34854,Chris.Palun
2023-12-08,858,1129,11756,,1271,35320,Chris.Palun
2023-12-11,860,1118,11581,,1279,36475,Chris.Palun
2023-12-12,880,1103,11663,,1280,38082,Chris.Palun
2023-12-13,898,1090,11713,,1277,35711,Chris.Palun
2023-12-14,914,1092,12136,,1273,35463,Chris.Palun
2023-12-15,933,1103,12416,,1298,34107,Chris.Palun
2023-12-18,949,1116,12468,,1308,32639,Chris.Palun
2023-12-19,945,1141,12529,,1370,30936,Chris.Palun
2023-12-20,959,1181,13061,,1373,29278,Chris.Palun
2023-12-21,963,1197,13214,,1339,27872,Chris.Palun
2023-12-22,960,1200,13373,,1341,28177,Chris.Palun
2024-01-02,925,1268,13461,,2440,28896,Chris.Palun
2024-01-03,874,1295,13667,,2459,29599,Chris.Palun
2024-01-04,829,1328,13470,,2571,30282,Chris.Palun
2024-01-05,799,1384,13393,,2606,31497,Chris.Palun
2024-01-08,787,1416,13073,,2617,29851,Chris.Palun
2024-01-09,779,1452,11880,,2591,26941,Chris.Palun
2024-01-10,763,1457,10428,,2586,22362,Chris.Palun
2024-01-11,754,1464,9357,,2568,20105,Chris.Palun
2024-01-12,741,1473,7103,,2703,18015,Chris.Palun
2024-01-15,751,1522,6617,,2862,15589,Chris.Palun
2024-01-16,765,1552,5931,,2892,14753,Chris.Palun
2024-01-17,819,1542,4794,,3220,14375,Chris.Palun
2024-01-18,945,1500,4567,,3236,15365,Chris.Palun
2024-01-19,1039,1423,3874,,3258,18608,Chris.Palun
2024-01-22,1139,1393,3536,,3410,18842,Chris.Palun
2024-01-23,1322,1343,3517,,3401,17412,Chris.Palun
2024-01-24,1411,1328,3481,,3408,17787,Chris.Palun
2024-01-25,1391,1326,3438,,3409,17298,Chris.Palun
2024-01-26,1358,1347,3175,,3427,17708,Chris.Palun
2024-01-29,1311,1346,2956,,3448,16337,Chris.Palun
2024-01-30,1266,1319,2641,,3442,15130,Chris.Palun
2024-01-31,1208,1306,2366,,3432,15680,Chris.Palun
2024-02-01,1181,1295,1877,,3288,15953,Chris.Palun
2024-02-02,1147,1287,1762,,3356,16837,Chris.Palun
2024-02-05,1141,1274,1744,,3350,17766,Chris.Palun
2024-02-06,1101,1262,2929,,3354,19663,Chris.Palun
2024-02-07,1097,1254,3252,,3409,18771,Chris.Palun
2024-02-08,1103,1255,3230,,3397,18215,Chris.Palun
2024-02-09,1126,1268,3184,,3454,19746,Chris.Palun
2024-02-12,1155,1285,3160,,3457,20341,Chris.Palun
2024-02-13,1169,1296,3229,,3458,20538,Chris.Palun
2024-02-14,1154,1304,3457,,3482,20201,Chris.Palun
2024-02-15,1147,1336,3700,,3364,19850,Chris.Palun
2024-02-16,1129,1341,4125,,3354,20304,Chris.Palun
2024-02-19,1099,1338,4321,,3363,20378,Chris.Palun
2024-02-20,1050,1324,4974,,3354,19981,Chris.Palun
2024-02-21,1044,1286,5526,,3355,21092,Chris.Palun
2024-02-22,1044,1237,5779,,3344,23139,Chris.Palun
2024-02-23,1062,1209,5722,,3342,26079,Chris.Palun
2024-02-26,1061,1191,5381,,3339,26233,Chris.Palun
2024-02-27,1058,1180,4754,,3332,26737,Chris.Palun
2024-02-28,1044,1156,4614,,3293,29823,Chris.Palun
2024-02-29,1014,1145,4653,,3281,31045,Chris.Palun
2024-03-01,986,1142,4208,,3254,32985,Chris.Palun
2024-03-04,964,1145,4206,,3228,34873,Chris.Palun
2024-03-05,947,1190,4340,,3059,34402,Chris.Palun
2024-03-06,933,1192,4572,,3022,31260,Chris.Palun
2024-03-07,931,1188,4722,,3022,32996,Chris.Palun
2024-03-08,959,1186,5081,,3018,35201,Chris.Palun
2024-03-11,980,1189,5913,,2985,35780,Chris.Palun
2024-03-12,1026,1189,6233,,2951,33939,Chris.Palun
2024-03-13,1119,1198,6549,,2863,34737,Chris.Palun
2024-03-14,1180,1197,6705,,2824,33521,Chris.Palun
2024-03-15,1229,1202,6664,,2717,33332,Chris.Palun
2024-03-18,1268,1212,6586,,2617,33911,Chris.Palun
2024-03-19,1283,1205,6375,,2528,33093,Chris.Palun
2024-03-20,1274,1193,6206,,2536,30601,Chris.Palun
2024-03-21,1248,1173,5540,,2659,29752,Chris.Palun
2024-03-22,1233,1161,5308,,2778,28875,Chris.Palun
2024-03-25,,,,,,27325,Chris.Palun
2024-03-26,1152,1154,5224,,2723,24580,Chris.Palun
2024-03-27,1100,1141,5221,,2685,21875,Chris.Palun
2024-03-28,1072,1137,5190,,2682,21886,Chris.Palun
2024-04-02,1054,1129,5131,,2503,19852,Chris.Palun
2024-04-03,1021,1123,5245,,2433,20215,Chris.Palun
2024-04-04,982,1127,5289,,2447,19522,Chris.Palun
2024-04-05,968,1122,5382,,2464,18857,Chris.Palun
2024-04-08,940,1114,5399,,2487,18226,Chris.Palun
2024-04-09,913,1165,5471,,2489,17854,Chris.Palun
2024-04-10,871,1195,5430,,2494,18266,Chris.Palun
2024-04-11,871,1205,5383,,2509,20523,Chris.Palun
2024-04-12,879,1202,5258,,2515,21164,Chris.Palun
2024-04-15,912,1194,5161,,2332,20970,Chris.Palun
2024-04-16,995,1173,5139,,2305,21819,Chris.Palun
2024-04-17,1021,1134,5056,,2369,22893,Chris.Palun
2024-04-18,1021,1128,5346,,2373,23598,Chris.Palun
2024-04-19,1022,1114,5467,,2388,23543,Chris.Palun
2024-04-22,979,1108,5441,,2381,22410,Chris.Palun
2024-04-23,966,1088,5439,,2405,20389,Chris.Palun
2024-04-24,962,1096,5337,,2320,19445,Chris.Palun
2024-04-25,954,1100,5404,,2407,18495,Chris.Palun
2024-04-26,939,1112,5460,,2405,18012,Chris.Palun
2024-04-29,933,1120,5506,,2428,17253,Chris.Palun
2024-04-30,926,1124,5730,,2408,17415,Chris.Palun
2024-05-01,926,1117,5904,,2409,17553,Chris.Palun
2024-05-02,926,1113,6027,,2695,19670,Chris.Palun
2024-05-03,931,1122,6181,,2863,22166,Chris.Palun
2024-05-07,955,1129,6748,,2907,26864,Chris.Palun
2024-05-08,988,1139,7077,,2841,29365,Chris.Palun
2024-05-09,1004,1148,7002,,2853,28238,Chris.Palun
2024-05-10,996,1155,6878,,2906,27301,Chris.Palun
2024-05-13,984,1150,6979,,2955,25773,Chris.Palun
2024-05-14,1015,1150,7156,,2980,24311,Chris.Palun
2024-05-15,1054,1153,7409,,3030,22383,Chris.Palun
2024-05-16,1047,1178,7511,,3259,21218,Chris.Palun
2024-05-17,1036,1195,7695,,3315,,Chris.Palun
2024-05-20,1022,1205,7874,,3338,,Chris.Palun
2024-05-21,1019,1234,7890,,3434,22015,Chris.Palun
2024-05-22,1013,1236,7540,1804,3421,21429,Chris.Palun
2024-05-23,1015,1231,7522,1796,3442,21432,Chris.Palun
2024-05-24,1020,1234,7647,1797,3431,21674,Chris.Palun
2024-05-28,1068,1240,7550,1784,3496,21633,Chris.Palun
2024-05-29,1071,1232,7579,1790,3453,22178,Chris.Palun
2024-05-30,1053,1234,7608,1801,3494,22808,Chris.Palun
2024-05-31,1023,1241,7676,1815,3508,23389,Chris.Palun
2024-06-03,988,1237,7744,1808,3765,23357,Chris.Palun
2024-06-04,955,1238,7737,1813,4058,23545,Chris.Palun
2024-06-05,930,1251,7632,1852,4049,24424,Chris.Palun
2024-06-06,904,1246,7381,1869,4041,24689,Chris.Palun
2024-06-07,858,1267,7265,1881,4065,24867,Chris.Palun
2024-06-10,846,1266,7222,1883,4048,24759,Chris.Palun
2024-06-11,831,1265,7081,1831,4138,23089,Chris.Palun
2024-06-12,826,1267,6413,1836,4129,22608,Chris.Palun
2024-06-13,831,1253,5439,1942,4128,24752,Chris.Palun
2024-06-14,828,1240,5333,1948,4142,24525,Chris.Palun
2024-06-17,827,1231,5349,1948,4307,24363,Chris.Palun
2024-06-18,819,1226,5605,1961,4471,24596,Chris.Palun
2024-06-19,807,1224,5555,1943,4490,24278,Chris.Palun
2024-06-20,799,1218,5556,1984,4481,25533,Chris.Palun
2024-06-21,795,1205,5578,1997,4483,26059,Chris.Palun
2024-06-24,785,1190,5572,1973,4507,25653,Chris.Palun
2024-06-25,796,1181,5671,1973,4510,24794,Chris.Palun
2024-06-26,809,1177,5536,1964,4509,26082,Chris.Palun
2024-06-27,830,1161,5447,2031,4507,27954,Chris.Palun
2024-06-28,834,1150,5010,2050,4507,28557,Chris.Palun
2024-07-01,833,1142,4849,2158,4508,31438,Chris.Palun
2024-07-02,826,1127,4793,2179,5068,32248,Chris.Palun
2024-07-03,820,1121,4759,2064,5214,29688,Chris.Palun
2024-07-04,819,1108,4675,2021,5162,28911,Chris.Palun
2024-07-05,822,1102,4574,1966,5161,27692,Chris.Palun
2024-07-08,825,1078,4431,1940,5175,27171,Chris.Palun
2024-07-09,819,1064,4334,1894,5218,25869,Chris.Palun
2024-07-10,833,1059,4211,1939,5178,26666,Chris.Palun
2024-07-11,840,1062,3868,1947,5181,26396,Chris.Palun
2024-07-12,849,1064,3694,1997,5157,27338,Chris.Palun
2024-07-15,842,1057,3545,1993,5081,27064,Chris.Palun
2024-07-16,821,1054,3477,1942,5149,25703,Chris.Palun
2024-07-17,818,1046,3464,1890,5006,24379,Chris.Palun
2024-07-18,820,1044,3426,1912,5007,24940,Chris.Palun
2024-07-19,822,1056,3420,1902,5007,24652,Chris.Palun
2024-07-22,822,1054,3350,1912,5030,24521,Chris.Palun
2024-07-23,817,1055,3359,1869,5065,,Chris.Palun
2024-07-24,816,1044,3403,1864,5097,23246,Chris.Palun
2024-07-25,814,1036,3428,1834,5096,,Chris.Palun
2024-07-26,814,1023,3379,1808,5075,21676,Chris.Palun
2024-07-29,806,1017,3330,1797,4958,21411,Chris.Palun
2024-07-30,796,1003,3266,1762,4998,,Chris.Palun
2024-07-31,778,972,3308,1708,4994,19712,Chris.Palun
2024-08-01,760,960,3243,1668,4846,,Chris.Palun
2024-08-02,755,952,3106,1675,4825,19299,Chris.Palun
2024-08-05,724,940,3158,1677,4812,19499,Chris.Palun
2024-08-06,693,935,3170,1685,4723,19920,Chris.Palun
2024-08-07,665,930,3092,1698,4758,20509,Chris.Palun
2024-08-08,647,927,3087,1683,5484,,Chris.Palun
2024-08-09,622,922,3130,1670,5472,,Chris.Palun
2024-08-12,605,915,3190,1655,5461,,Chris.Palun
2024-08-13,599,904,3276,1670,5457,,Chris.Palun
2024-08-14,615,903,3535,1728,5429,21976,Chris.Palun
2024-08-15,619,928,4503,1692,5433,,Chris.Palun
2024-08-16,625,936,4489,1691,5400,,Chris.Palun
2024-08-19,620,940,4795,1708,5620,21510,Chris.Palun
2024-08-20,615,943,5005,1735,5613,22319,Chris.Palun
2024-08-21,623,939,5204,1759,5558,23122,Chris.Palun
2024-08-22,640,925,5298,1735,5484,23608,Chris.Palun
2024-08-23,652,920,5282,1762,5484,,Chris.Palun
2024-08-27,650,911,5282,1721,5332,22846,Chris.Palun
2024-08-28,626,897,5281,1755,5333,23908,Chris.Palun
2024-08-29,625,884,5342,1827,5318,25870,Chris.Palun
2024-08-30,614,881,5359,1814,5319,25700,Chris.Palun
2024-09-02,592,872,5392,1919,5316,,Chris.Palun
2024-09-03,580,868,5344,1947,4991,27774,Chris.Palun
2024-09-04,581,864,5006,1902,5001,26738,Chris.Palun
2024-09-05,581,866,4988,1919,5000,,Chris.Palun
2024-09-06,585,870,4959,1941,5003,27832,Chris.Palun
2024-09-09,591,880,4931,1958,5057,28232,Chris.Palun
2024-09-10,605,885,4812,1941,5048,27712,Chris.Palun
2024-09-11,617,885,4655,1963,5048,27968,Chris.Palun
2024-09-12,618,883,4270,1941,4973,26750,Chris.Palun
2024-09-13,632,883,3866,1890,4969,,Chris.Palun
2024-09-16,644,882,3644,1896,4955,,Chris.Palun
2024-09-17,644,888,3217,1901,4635,25623,Chris.Palun
2024-09-18,644,889,2978,1890,4636,25,Chris.Palun
2024-09-19,638,897,2495,1976,4638,26880,Chris.Palun
2024-09-20,628,894,2281,1977,4643,26826,Chris.Palun
2024-09-23,601,888,2371,1999,4626,,Chris.Palun
2024-09-24,598,876,2552,2014,4602,27378,Chris.Palun
2024-09-25,582,865,2641,2016,4559,27495,Chris.Palun
2024-09-26,572,860,2749,2091,4551,29690,Chris.Palun
2024-09-27,566,862,2775,2110,4482,30598,Chris.Palun
2024-09-30,554,863,2991,2084,4448,,Chris.Palun
2024-10-01,537,867,4697,2030,4102,29229,Chris.Palun
2024-10-02,521,951,5711,1978,3439,28187,Chris.Palun
2024-10-03,508,1039,5881,1941,3442,27363,Chris.Palun
2024-10-04,497,1060,5892,1928,3561,26897,Chris.Palun
2024-10-07,491,1058,5889,1907,3687,26213,Chris.Palun
2024-10-08,508,1040,5749,1860,3603,24786,Chris.Palun
2024-10-09,518,1024,5643,1799,3638,23106,Chris.Palun
2024-10-10,532,1038,5552,1860,3598,22844,Chris.Palun
2024-10-11,535,1036,5424,1809,3613,23509,Chris.Palun
2024-10-14,547,1038,5262,1814,3580,23872,Chris.Palun
2024-10-15,553,1039,5095,1766,3380,22994,Chris.Palun
2024-10-16,561,1036,4969,1676,3371,21161,Chris.Palun
2024-10-17,571,1037,4892,1594,3311,19259,Chris.Palun
2024-10-18,580,1042,4777,1576,3424,18875,Chris.Palun
2024-10-21,580,1044,4572,1546,3295,18174,Chris.Palun
2024-10-22,580,1054,4261,1480,3284,16654,Chris.Palun
2024-10-23,566,1044,4209,1445,3309,15932,Chris.Palun
2024-10-24,558,1041,4146,1417,3314,15416,Chris.Palun
2024-10-25,552,1036,4303,1410,3299,15395,Chris.Palun
2024-10-28,545,1013,4449,1382,3259,14811,Chris.Palun
2024-10-29,536,992,4288,1402,3287,15417,Chris.Palun
2024-10-30,528,971,4073,1395,3244,,Chris.Palun
2024-10-31,523,966,4121,1388,3247,15365,Chris.Palun
2024-11-01,524,957,4081,1378,3538,,Chris.Palun
2024-11-04,509,950,3980,1374,3521,15332,Chris.Palun
2024-11-05,499,944,3800,1405,3528,16310,Chris.Palun
2024-11-06,485,931,3781,1427,3590,17086,Chris.Palun
2024-11-07,478,922,3772,1451,3580,,Chris.Palun
2024-11-12,460,902,4140,1427,3666,22835,Chris.Palun
2024-11-13,460,889,4285,1630,3591,22771,Chris.Palun
2024-11-14,470,889,4248,1692,3588,24347,Chris.Palun
2024-11-15,477,890,4297,1785,3569,,Chris.Palun
2024-11-18,495,907,4296,1756,3568,26220,Chris.Palun
2024-11-19,534,924,4213,1627,3593,23291,Chris.Palun
2024-11-20,564,915,4179,1616,3589,23307,Chris.Palun
2024-11-21,600,914,4326,1576,3578,22595,Chris.Palun
2024-11-22,627,908,4301,1537,3622,21778,Chris.Palun
2024-11-25,705,905,4292,1529,3689,21673,Chris.Palun
2024-11-26,718,889,4327,1581,3634,23049,Chris.Palun
2024-11-27,725,895,4296,1509,3638,21302,Chris.Palun
2024-11-28,685,893,4335,1419,3671,,Chris.Palun
2024-11-29,663,892,4367,1354,3673,17686,Chris.Palun
2024-12-02,620,890,4334,1298,3553,16363,Chris.Palun
2024-12-03,587,888,4208,1237,3630,,Chris.Palun
2024-12-04,579,926,4107,1180,3617,,Chris.Palun
2024-12-05,601,944,4096,1160,3485,,Chris.Palun
2024-12-06,625,943,4099,1167,3484,,Chris.Palun
2024-12-09,665,937,4152,1168,3697,12702,Chris.Palun
2024-12-10,686,932,4525,1156,3653,12464,Chris.Palun
2024-12-11,687,931,5086,1106,3666,11421,Chris.Palun
2024-12-12,661,929,5144,1055,3638,10382,Chris.Palun
2024-12-13,661,921,5155,1051,3639,,Chris.Palun
2024-12-16,658,922,5119,1071,3637,,Chris.Palun
2024-12-17,637,929,4846,1053,3636,10848,Chris.Palun
2024-12-18,624,918,4953,1028,3738,10261,Chris.Palun
2024-12-19,627,914,5042,976,3713,8945,Chris.Palun
2024-12-20,627,925,5126,990,3730,,Chris.Palun
2024-12-23,629,929,5105,994,3769,,Chris.Palun
2024-12-24,625,927,5122,997,3840,,Chris.Palun
2025-01-02,602,853,4958,1029,4322,,Chris.Palun
2025-01-03,591,841,4941,1072,4259,11407,Chris.Palun
2025-01-06,585,829,4800,1043,4229,,Chris.Palun
2025-01-07,581,814,4423,1015,4306,,Chris.Palun
2025-01-08,574,805,4387,966,4229,,Chris.Palun
2025-01-09,606,799,4404,969,4337,9653,Chris.Palun
2025-01-10,629,821,4381,1048,4336,,Chris.Palun
2025-01-13,640,855,4399,1093,4161,13391,Chris.Palun
2025-01-14,708,879,4343,1080,3994,,Chris.Palun
2025-01-15,736,884,4400,1063,3778,,Chris.Palun
2025-01-16,763,912,4228,1023,3776,,Chris.Palun
2025-01-17,756,912,4220,987,3757,,Chris.Palun
2025-01-20,752,917,4171,957,3671,,Chris.Palun
2025-01-21,756,902,3951,928,3626,,Chris.Palun
2025-01-22,762,882,3669,893,3625,,Chris.Palun
2025-01-23,746,856,3632,824,3707,8967,Chris.Palun
2025-01-24,725,845,3667,778,3652,8156,Chris.Palun
2025-01-27,690,840,3725,761,3631,7946,Chris.Palun
2025-01-28,667,843,3762,746,3599,7725,Chris.Palun
2025-01-29,654,850,3791,726,3590,7267,Chris.Palun
2025-01-30,653,868,3784,715,3591,6977,Chris.Palun
2025-01-31,662,876,3710,735,3589,7252,Chris.Palun
2025-02-03,721,881,3472,738,3479,,Chris.Palun
2025-02-04,715,898,3317,753,3439,,Chris.Palun
2025-02-05,701,900,3268,771,3439,,Chris.Palun
2025-02-06,706,903,3246,793,3427,,Chris.Palun
2025-02-07,700,903,3185,815,3394,,Chris.Palun
2025-02-10,675,899,3133,809,3379,,Chris.Palun
2025-02-11,657,892,3128,801,3294,,Chris.Palun
2025-02-12,637,890,3076,776,3288,5899,Chris.Palun
2025-02-13,641,894,3059,780,3279,,Chris.Palun
2025-02-14,666,910,3002,792,3318,,Chris.Palun
2025-02-17,706,912,2998,806,3228,,Chris.Palun
2025-02-18,737,918,3134,841,3233,,Chris.Palun
2025-02-19,738,925,3036,904,3057,7187,Chris.Palun
2025-02-20,724,920,3087,941,2850,,Chris.Palun
2025-02-21,717,911,3108,981,2887,,Chris.Palun
2025-02-24,708,900,3147,1002,2833,8620,Chris.Palun
2025-02-25,705,888,3142,1039,2748,9612,Chris.Palun
2025-02-26,702,882,3120,1112,2686,11584,Chris.Palun
2025-02-27,681,880,3216,1159,2658,13046,Chris.Palun
2025-02-28,670,885,3365,1228,2666,15074,Chris.Palun
2025-03-03,656,881,3381,1276,2644,16424,Chris.Palun
2025-03-04,653,884,3357,1262,2355,16328,Chris.Palun
2025-03-05,656,883,3421,1228,2344,15711,Chris.Palun
2025-03-06,660,881,3456,1286,2365,17267,Chris.Palun
2025-03-07,663,879,3438,1400,2404,,Chris.Palun
2025-03-10,671,881,3256,1424,2308,20554,Chris.Palun
2025-03-11,680,890,3393,1436,2289,20514,Chris.Palun
2025-03-12,698,911,4117,1559,2179,,Chris.Palun
2025-03-13,735,923,4218,1650,2163,23992,Chris.Palun
2025-03-14,750,941,4261,1669,2168,23697,Chris.Palun
2025-03-17,765,946,4276,1658,2104,22954,Chris.Palun
2025-03-18,787,953,4313,1650,2098,22507,Chris.Palun
2025-03-19,810,967,4538,1637,2104,22170,Chris.Palun
2025-03-20,837,979,4715,1635,2093,22139,Chris.Palun
2025-03-21,848,990,4791,1643,2071,,Chris.Palun
2025-03-24,840,994,4861,1652,2046,22311,Chris.Palun
2025-03-25,839,1011,4710,1642,2060,21810,Chris.Palun
2025-03-26,819,1069,4446,1634,2060,,Chris.Palun
2025-03-27,799,1102,4333,1621,2063,20957,Chris.Palun
2025-03-28,789,1105,4271,1602,2020,20503,Chris.Palun
2025-03-31,758,1107,4539,1598,1997,20442,Chris.Palun
2025-04-01,731,1102,4485,1587,1962,20234,Chris.Palun
2025-04-02,696,1121,4595,1583,2026,20198,Chris.Palun
2025-04-03,682,1111,4665,1540,2026,19383,Chris.Palun
2025-04-04,676,1112,4470,1489,2147,18404,Chris.Palun
2025-04-07,676,110,4050,1401,2080,,Chris.Palun
2025-04-08,669,1106,3246,1342,2069,15881,Chris.Palun
2025-04-09,662,1114,1981,1259,2067,,Chris.Palun
2025-04-10,664,1123,2420,1269,2067,,Chris.Palun
2025-04-11,679,1132,3240,1274,2090,,Chris.Palun
2025-04-14,690,1137,3441,1282,2086,15148,Chris.Palun
2025-04-15,687,1138,3978,1263,1993,,Chris.Palun
2025-04-16,695,1138,4506,1241,2037,,Chris.Palun
2025-04-17,670,1152,4432,1261,2026,,Chris.Palun
2025-04-22,656,1138,4382,1261,2039,,Chris.Palun
2025-04-23,669,1138,4173,1300,2039,14362,Chris.Palun
2025-04-24,676,1142,4179,1353,2043,,Chris.Palun
2025-04-25,678,1142,4133,1373,2047,,Chris.Palun
2025-04-28,665,1136,4076,1403,2040,16420,Chris.Palun
2025-04-29,644,1127,4131,1398,2027,,Chris.Palun
2025-04-30,633,1114,4096,1386,1966,,Chris.Palun
2025-05-01,617,1108,4066,1411,2018,,Chris.Palun
2025-05-02,606,1095,4087,1421,2020,,Chris.Palun
2025-05-06,586,1056,4043,1406,2017,,Chris.Palun
2025-05-07,575,1020,4120,1374,2058,,Chris.Palun
2025-05-09,573,995,4677,1299,2054,,Chris.Palun
2025-05-12,574,991,4870,1304,2049,,Chris.Palun
2025-05-13,580,985,5071,1280,2045,,Chris.Palun
2025-05-14,588,987,5366,1267,2044,,Chris.Palun
2025-05-15,615,988,5545,1305,2099,14691,Chris.Palun
2025-05-20,717,989,5854,1340,2246,,Chris.Palun
2025-05-21,744,980,5798,1337,2243,,Chris.Palun
2025-05-22,746,974,5344,1341,2186,,Chris.Palun
2025-05-23,724,962,5289,1340,2258,,Chris.Palun
2025-05-27,712,947,5137,1296,2179,,Chris.Palun
2025-05-28,710,929,5421,1303,2216,,Chris.Palun
2025-05-29,707,910,5437,1353,2221,,Chris.Palun
2025-05-30,698,922,5526,1418,2307,,Chris.Palun
2025-06-02,684,938,5562,1422,3033,,Chris.Palun
2025-06-03,656,952,5668,1430,3317,,Chris.Palun
2025-06-04,633,959,5683,1489,3339,,Chris.Palun
2025-06-05,631,957,5770,1626,3649,,Chris.Palun
2025-06-06,626,951,5853,1633,3650,,Chris.Palun
2025-06-09,616,941,5791,1691,3690,24961,Chris.Palun
2025-06-10,613,930,5770,1680,3684,,Chris.Palun
2025-06-11,604,922,5831,1738,3779,25679,Chris.Palun
2025-06-12,600,909,5776,1904,3630,,Chris.Palun
2025-06-13,604,928,6117,1968,3664,30866,Chris.Palun
2025-06-16,631,987,6296,1975,3659,,Chris.Palun
2025-06-17,724,1019,6540,1952,3705,30357,Chris.Palun
2025-06-18,727,1034,6628,1874,3705,,Chris.Palun
2025-06-19,711,1040,6641,1751,3633,25524,Chris.Palun
2025-06-20,708,1054,6663,1689,3313,23879,Chris.Palun
2025-06-23,720,1099,6854,1674,2949,,Chris.Palun
2025-06-24,750,1109,6696,1681,2939,23360,Chris.Palun
2025-06-25,704,1066,6791,1665,2867,22592,Chris.Palun
2025-06-26,676,1022,6476,1553,2871,,Chris.Palun
2025-06-27,613,1002,6498,1521,2842,,Chris.Palun
2025-06-30,586,984,6486,1489,2848,,Chris.Palun
2025-07-01,557,973,6612,1458,2847,16677,Chris.Palun
2025-07-02,550,961,6566,1443,2805,16242,Chris.Palun
2025-07-03,534,950,6544,1434,2675,,Chris.Palun
2025-07-04,535,945,6674,1436,2604,15382,Chris.Palun
2025-07-07,535,935,6689,1436,2571,,Chris.Palun
2025-07-08,534,935,6701,1431,2553,,Chris.Palun
2025-07-09,537,932,6694,1423,2545,,Chris.Palun
2025-07-10,542,931,6685,1465,2521,,Chris.Palun
2025-07-11,546,929,6733,1663,2518,,Chris.Palun
2025-07-14,548,927,6762,1783,2525,19633,Chris.Palun
2025-07-15,587,927,6988,1866,2516,,Chris.Palun
2025-07-16,622,926,7010,1906,2427,,Chris.Palun
2025-07-17,617,929,7046,2030,2441,,Chris.Palun
2025-07-18,619,925,7079,2052,2381,,Chris.Palun
2025-07-21,621,909,7040,2016,2373,24720,Chris.Palun
2025-07-22,636,903,7191,2035,2384,25390,Chris.Palun
2025-07-23,649,899,7428,2120,2348,,Chris.Palun
2025-07-24,642,884,7484,2258,2366,,Chris.Palun
2025-07-25,644,882,7500,2257,2377,,Chris.Palun
2025-07-28,659,881,7421,2226,2364,,Chris.Palun
2025-07-29,674,887,7129,2109,2356,,Chris.Palun
2025-07-30,663,903,7270,1995,2332,,Chris.Palun
2025-07-31,663,921,7281,2003,2300,26858,Chris.Palun
2025-08-01,652,956,7413,2018,2302,27331,Chris.Palun
2025-08-04,651,965,7453,1970,2229,,Chris.Palun
2025-08-05,658,979,7499,1921,2228,,Chris.Palun
2025-08-06,672,1005,8020,1994,2231,,Chris.Palun
2025-08-07,682,1007,8179,2008,2194,26576,Chris.Palun
2025-08-08,671,1011,8185,2051,2135,,Chris.Palun
2025-08-11,656,1013,8370,2038,2175,,Chris.Palun
2025-08-12,636,1007,8320,2017,2143,,Chris.Palun
2025-08-13,615,1017,8356,2025,2141,,Chris.Palun
2025-08-14,608,1019,8374,2039,2135,,Chris.Palun
2025-08-15,605,1016,8354,2044,2137,,Chris.Palun
2025-08-18,605,1015,8337,2022,1975,,Chris.Palun
2025-08-19,612,999,8323,1964,1962,,Chris.Palun
2025-08-20,616,1010,8238,1927,1964,,Chris.Palun
2025-08-21,614,1029,8184,1893,1965,,Chris.Palun
2025-08-22,618,1042,8148,1944,1932,,Chris.Palun
2025-08-26,624,1036,7971,2041,1893,25140,Chris.Palun
2025-08-27,622,1036,7914,2046,1887,,Chris.Palun
2025-08-28,615,1043,7871,2017,1916,,Chris.Palun
2025-08-29,622,1045,7931,2025,1897,24257,Chris.Palun
2025-09-02,629,1041,7572,1986,1997,,Chris.Palun
2025-09-03,630,1048,7253,1940,1981,,Chris.Palun
2025-09-04,634,1053,7082,1963,1997,,Chris.Palun
2025-09-05,638,1066,7075,1979,2035,,Chris.Palun
2025-09-08,642,1071,7473,2019,2036,,Chris.Palun
2025-09-09,649,1069,7756,2079,2080,,Chris.Palun
2025-09-10,643,1071,7987,2112,2052,,Chris.Palun
2025-09-11,625,1096,8093,2111,2064,,Chris.Palun
2025-09-12,614,1114,8200,2126,2024,,Chris.Palun
2025-09-15,605,1128,8174,2153,1967,,Chris.Palun
2025-09-16,609,1137,8097,2154,1868,,Chris.Palun
2025-09-17,609,1144,7948,2180,1858,,Chris.Palun
2025-09-18,621,1147,7910,2205,1887,,Chris.Palun
2025-09-19,618,1143,7913,2203,1932,,Chris.Palun
2025-09-22,620,1128,7965,2172,1892,,Chris.Palun
2025-09-23,625,1123,7830,2200,1877,,Chris.Palun
2025-09-24,624,1129,7744,2240,1865,,Chris.Palun
2025-09-25,630,1136,5614,2266,1863,,Chris.Palun
2025-09-26,628,1148,7466,2259,1860,,Chris.Palun
2025-09-29,620,1144,7394,2220,1712,,Chris.Palun
2025-09-30,602,1128,7243,2134,1708,,Chris.Palun
2025-10-01,589,1104,6843,1980,1626,,Chris.Palun
2025-10-02,582,1092,6642,1909,1638,,Chris.Palun
2025-10-03,579,1087,6642,1901,1613,,Chris.Palun
2025-10-06,576,1093,6681,1932,1548,23453,Chris.Palun
2025-10-07,573,1085,6628,1947,1556,,Chris.Palun
2025-10-08,572,1078,6575,1963,1548,,Chris.Palun
2025-10-09,564,1079,6059,1923,1540,,Chris.Palun
2025-10-10,560,1119,6070,1936,1540,,Chris.Palun
2025-10-13,551,1141,5958,2144,1530,28132,Chris.Palun
2025-10-14,547,1152,5797,2022,1529,24398,Chris.Palun
2025-10-15,544,1160,5628,1997,1569,24185,Chris.Palun
2025-10-16,549,1181,5603,2046,1818,,Chris.Palun
2025-10-17,551,1207,5423,2069,1867,,Chris.Palun
2025-10-20,558,1218,5392,2071,1845,,Chris.Palun
2025-10-21,573,1236,5356,2094,1871,26404,Chris.Palun
2025-10-22,588,1226,5243,2092,1884,,Chris.Palun
2025-10-23,642,1234,5199,2057,1881,,Chris.Palun
2025-10-24,635,1256,4861,1991,1877,,Chris.Palun
2025-10-27,610,1271,4848,1976,1869,23534,Chris.Palun
2025-10-28,614,1288,5093,1950,1896,,Chris.Palun
2025-10-29,613,1365,5296,1961,1890,23580,Chris.Palun
2025-10-30,624,1430,5586,1983,1882,,Chris.Palun
2025-10-31,627,1436,5820,1966,1880,24288,Chris.Palun
2025-11-03,647,1436,6312,1945,2196,23955,Chris.Palun
2025-11-04,645,1414,6665,1958,2195,24444,Chris.Palun
2025-11-05,641,1403,6782,2003,2193,,Chris.Palun
2025-11-06,642,1403,6707,2063,2199,,Chris.Palun
2025-11-10,650,1394,6354,2084,2182,,Chris.Palun
2025-11-11,655,1395,5916,2072,2179,,Chris.Palun
2025-11-12,670,1407,5598,2030,2182,25067,Chris.Palun
2025-11-13,690,1440,5690,2077,2166,,Chris.Palun
2025-11-14,702,1453,5764,2125,2164,,Chris.Palun
2025-11-17,725,1456,5860,2153,1938,,Chris.Palun
2025-11-18,742,1445,6045,2216,2023,29160,Chris.Palun
2025-11-19,761,1426,6039,2260,2009,30154,Chris.Palun
2025-11-20,782,1443,6033,2270,1866,30244,Chris.Palun
2025-11-21,811,1457,6001,2275,1853,30292,Chris.Palun
2025-11-24,849,1463,5957,2295,1866,,Chris.Palun
2025-11-25,875,1468,5927,2309,1817,30938,Chris.Palun
2025-11-26,885,1463,5928,2401,1807,,Chris.Palun
2025-11-27,874,1458,6395,2480,1763,35133,Chris.Palun
2025-11-28,871,1452,6538,2560,1763,37158,Chris.Palun
2025-12-01,853,1432,6699,2583,1934,,Chris.Palun
2025-12-02,821,1420,6340,2600,1968,38427,Chris.Palun
2025-12-03,792,1407,6379,2845,1939,44672,Chris.Palun
2025-12-04,775,1395,6405,2814,1938,44108,Chris.Palun
2025-12-05,769,1384,6372,2727,1941,42151,Chris.Palun
2025-12-08,761,1380,6375,2694,1966,41571,Chris.Palun
2025-12-09,751,1371,6331,2557,1936,38403,Chris.Palun
2025-12-10,746,1379,6401,2430,1920,,Chris.Palun
2025-12-11,741,1392,6764,2294,1936,32569,Chris.Palun
2025-12-12,741,1396,7013,2205,1927,30731,Chris.Palun
2025-12-15,743,1392,7164,2294,1987,,Chris.Palun
2025-12-16,768,1389,7249,2204,2047,31800,Chris.Palun
2025-12-17,756,1414,7159,2121,2081,30637,Chris.Palun
2025-12-18,754,1402,7268,2071,2100,,Chris.Palun
2025-12-19,751,1401,7261,2023,2097,,Chris.Palun
2025-12-22,755,1387,7222,1979,2136,29518,Chris.Palun
2025-12-23,759,1343,7046,1889,2139,,Chris.Palun
2025-12-24,757,1319,7035,1877,2119,,Chris.Palun
2026-01-02,752,1207,7181,1882,2437,,Chris.Palun
2026-01-03,746,1188,7396,1851,2482,,Chris.Palun
2026-01-06,713,1181,7650,1830,2574,23854,Chris.Palun
2026-01-07,700,1165,7787,1776,2490,22595,Chris.Palun
2026-01-08,709,1211,7664,1718,2487,,Chris.Palun
2026-01-09,713,1259,7697,1688,2477,,Chris.Palun
2026-01-12,721,1296,7649,1659,2449,,Chris.Palun
2026-01-13,777,1357,7646,1608,2456,,Chris.Palun
2026-01-14,845,1410,7727,1566,2421,,Chris.Palun
2026-01-15,837,1500,7637,1532,2402,16226,Chris.Palun
2026-01-16,830,1562,7589,1567,2413,,Chris.Palun
2026-01-19,829,1598,7407,1650,2411,,Chris.Palun
2026-01-20,855,1572,7344,1729,2422,19804,Chris.Palun
2026-01-21,849,1588,7159,1803,2416,21,Chris.Palun
2026-01-22,865,1619,6919,1761,2399,19976,Chris.Palun
2026-01-23,857,1626,6686,1762,2382,,Chris.Palun
2026-01-26,890,1631,6644,1780,2373,,Chris.Palun
2026-01-27,890,1646,6981,1999,2346,,Chris.Palun
2026-01-28,887,1646,7143,2016,2268,,Chris.Palun
2026-01-29,893,1653,8055,2002,2218,,Chris.Palun
2026-01-30,883,1702,8309,2148,2207,,Chris.Palun
2026-02-02,894,1732,8459,2124,2133,,Chris.Palun
2026-02-03,901,1672,8625,2028,2096,,Chris.Palun
2026-02-04,902,1678,8812,1955,1975,,Chris.Palun
2026-02-05,916,1679,8870,1936,1969,,Chris.Palun
2026-02-06,917,1691,8957,1923,1980,,Chris.Palun
2026-02-09,907,1710,8986,1895,1955,,Chris.Palun
2026-02-10,895,1727,8997,1882,1932,,Chris.Palun
2026-02-11,893,1721,8829,1958,1928,22929,Chris.Palun
2026-02-12,856,1713,8751,2095,1927,,Chris.Palun
2026-02-13,846,1719,8189,2083,1941,,Chris.Palun
2026-02-16,829,1739,8136,2100,1937,,Chris.Palun
2026-02-17,812,1747,8109,2095,1945,,Chris.Palun
2026-02-18,802,1743,8079,2063,1947,,Chris.Palun
2026-02-23,810,1809,8271,2112,1933,,Chris.Palun
2026-02-24,829,1842,8174,2129,1936,,Chris.Palun
2026-02-25,846,1886,8131,2121,1940,,Chris.Palun
2026-02-26,866,1944,7452,2117,1935,,Chris.Palun
2026-02-27,906,1991,7490,2140,1929,,Chris.Palun
2026-03-03,1395,2866,8274,2242,1595,,Chris.Palun
2026-03-04,1784,3002,8244,2233,1644,,Chris.Palun
2026-03-05,1654,3083,7774,2138,1646,,Chris.Palun
2026-03-06,1592,3069,7315,2010,1716,,Chris.Palun
2026-03-09,1585,3040,6758,2066,1780,,Chris.Palun
2026-03-10,1579,2924,6381,1919,1770,19188,Chris.Palun
2026-03-11,1553,2835,5372,1926,1762,19843,Chris.Palun
2026-03-12,1471,2684,5735,1972,1752,21173,Chris.Palun
2026-03-13,1463,2586,5891,2028,1733,22621,Chris.Palun
2026-03-16,1455,2849,5947,2038,1755,,Chris.Palun
2026-03-17,1461,2850,6000,2024,1798,,Chris.Palun
2026-03-18,1510,2743,8051,2064,1782,23574,Chris.Palun
2026-03-19,1549,2842,8273,2057,1767,,Chris.Palun
2026-03-20,1616,2962,7979,2056,1744,,Chris.Palun
2026-03-23,1748,3120,7804,2037,1726,,Chris.Palun
2026-03-24,1833,3572,8073,1989,1772,22292,Chris.Palun
2026-03-25,1892,3618,8338,2001,1765,22937,Chris.Palun
2026-03-26,1936,3716,8496,2014,1765,,Chris.Palun
2026-03-27,1947,3737,8471,2031,1770,23994,Chris.Palun
2026-03-30,1930,3723,8330,2017,1762,,Chris.Palun
2026-03-31,1966,3705,8150,1995,1761,,Chris.Palun
2026-04-01,1994,3678,8085,2030,1876,,Chris.Palun
2026-04-02,1969,3639,8145,2066,1867,,Chris.Palun
2026-04-07,1972,3498,8739,2095,1881,25045,Chris.Palun
2026-04-08,2023,3593,9067,2139,1868,,Chris.Palun
2026-04-09,2084,3658,9913,2161,1874,,Chris.Palun
2026-04-10,2106,3561,10176,2201,1884,26585,Chris.Palun
2026-04-13,,,,,,27667,Chris.Palun
2026-04-14,2147,3275,11850,2354,1908,29792,Chris.Palun
2026-04-15,2135,3111,12509,2484,1910,,Chris.Palun
2026-04-16,2121,2975,13745,2523,1878,33012,Chris.Palun
2026-04-17,2123,2831,13770,2567,1898,,Chris.Palun
2026-04-20,2163,2907,13796,2633,1875,35496,Chris.Palun
2026-04-21,2202,2865,14334,2640,1853,,Chris.Palun
2026-04-22,2198,2854,14326,2675,1874,36002,Chris.Palun
2026-04-23,2201,2837,14294,2673,1911,35634,Chris.Palun
2026-04-24,2197,2812,14147,2665,1935,35333,Chris.Palun
2026-04-27,2178,2811,14263,2666,1947,,Chris.Palun
2026-04-28,2102,2834,15134,2677,1927,35536,Chris.Palun
2026-04-29,2034,2795,15187,2670,1918,35340,Chris.Palun
2026-05-01,2038,2752,15612,2730,1926,,Chris.Palun
2026-05-05,1952,2841,16044,2832,1988,,Chris.Palun
2026-05-06,1879,2676,17405,2991,1926,42514,Chris.Palun
2026-05-07,,,,,,43107,Chris.Palun
2026-05-12,1818,2401,18139,3195,1981,,John.Pace
2026-05-13,,,,,,44731,Chris.Palun
2026-05-18,1698,2351,19135,3092,2184,,John.Pace
2026-05-19,1686,2307,19815,3054,2195,,John.Pace
2026-05-20,1685,2249,19871,3005,2189,,John.Pace
2026-05-21,1674,2215,20025,2964,2194,,John.Pace
2026-05-22,1668,2185,20407,2991,2221,,John.Pace
2026-05-26,1619,2157,20599,3085,2225,43602,John.Pace
2026-05-27,1632,2129,20436,3124,2235,44314,John.Pace
2026-05-28,1557,2088,18682,3226,2239,46538,John.Pace
2026-05-29,1504,2068,18262,3224,2240,46411,John.Pace
2026-06-01,1454,2053,18167,3222,2849,46346,John.Pace
2026-06-02,1398,2078,17406,3205,2870,46008,John.Pace
2026-06-03,,,,,,44138,Chris.Palun
2026-06-04,,,,,,42204,Chris.Palun
2026-06-05,1376,2110,18060,2981,2835,40871,John.Pace
2026-06-08,1379,2099,18057,2916,2878,,John.Pace
2026-06-09,1394,2075,19120,2818,2881,36771,John.Pace
